,lan,cat,precision,recall,f1,accuracy
0,java,summary,0.8838495575221239,0.8957399103139013,0.8897550111358574,0.8852173913043478
1,java,Ownership,1.0,1.0,1.0,1.0
2,java,Expand,0.5268817204301075,0.4803921568627451,0.5025641025641026,0.943768115942029
3,java,usage,0.9168765743073047,0.8445475638051044,0.8792270531400966,0.9420289855072463
4,java,Pointer,0.7748917748917749,0.9728260869565217,0.8626506024096385,0.9669565217391304
5,java,deprecation,0.9,0.6,0.72,0.9959420289855072
6,java,rational,0.29411764705882354,0.36764705882352944,0.32679738562091504,0.9402898550724638
