,lan,cat,precision,recall,f1,accuracy
0,pharo,Keyimplementationpoints,0.7105263157894737,0.627906976744186,0.6666666666666666,0.9065743944636678
1,pharo,Example,0.9145299145299145,0.8991596638655462,0.9067796610169492,0.9238754325259516
2,pharo,Responsibilities,0.5492957746478874,0.75,0.6341463414634146,0.8442906574394463
3,pharo,Classreferences,0.6666666666666666,0.5,0.5714285714285714,0.9896193771626297
4,pharo,Intent,0.9,0.9,0.9,0.9792387543252595
5,pharo,Keymessages,0.68,0.7906976744186046,0.7311827956989247,0.9134948096885813
6,pharo,Collaborators,1.0,0.2,0.3333333333333333,0.972318339100346
