,lan,cat,precision,recall,f1,accuracy
0,python,Usage,0.6688741721854304,0.8347107438016529,0.7426470588235294,0.8275862068965517
1,python,Parameters,0.811965811965812,0.7421875,0.7755102040816326,0.8645320197044335
2,python,DevelopmentNotes,0.4,0.1951219512195122,0.26229508196721313,0.8891625615763546
3,python,Expand,0.5571428571428572,0.609375,0.582089552238806,0.8620689655172413
4,python,Summary,0.686046511627907,0.7195121951219512,0.7023809523809523,0.8768472906403941
